game_id,Position,player_id,player_name,batting_avg,at_bats,runs,hits,rbis,strikeouts,walks,hit_by_pitch,sacrifice,stolen_bases,errors,home_runs,inning_1,inning_2,inning_3,inning_4,inning_5,inning_6,inning_7,inning_8,inning_9,inning_10,inning_11,inning_12
1,(中),1,周東 佑京,0.400,5,0,2,0,1,0,0,0,0,1,0,右２,,一ゴロ,左安,,,空三振,,右飛,,,
1,(右),2,近藤 健介,0.000,4,0,0,0,1,1,0,0,0,0,0,見三振,,四球,,中飛,,中飛,,中飛,,,
1,(指),3,柳田 悠岐,0.250,4,0,1,0,0,0,0,0,0,0,0,遊ゴロ,,一ゴロ,,中安,,,一ゴロ,,,,
1,(一),4,山川 穂高,0.250,4,1,1,1,1,0,0,0,0,0,0,右飛,,中２,,空三振,,,遊失,,,,
1,(左),5,正木 智也,0.250,4,0,1,0,1,0,0,0,0,0,0,,二飛,空三振,,遊ゴロ,,,右安,,,,
1,(遊),6,今宮 健太,0.333,3,0,1,1,0,0,0,0,0,0,0,,右２,,三ゴロ,,二ゴロ,,右犠飛,,,,
1,遊,10,川瀬 晃,,0,0,0,0,0,0,0,0,0,0,0,,,,,,,,,,,,
1,(二),7,ダウンズ,0.000,3,0,0,0,2,1,0,0,1,0,0,,左飛,,四球,,見三振,,見三振,,,,
1,捕,11,渡邉 陸,,0,0,0,0,0,0,0,0,0,0,0,,,,,,,,,,,,
1,(三),8,リチャード,0.000,4,0,0,0,2,0,0,0,0,0,0,,見三振,,空三振,,遊飛,,,左飛,,,
1,(捕),9,谷川原 健太,0.000,1,1,0,0,0,2,0,0,0,0,0,,,四球,四球,,,左飛,,,,,
1,二,12,牧原 大成,1.000,1,0,1,0,0,0,0,0,0,0,0,,,,,,,,,左安,,,
2,(中),1,周東 佑京,0.300,5,0,1,0,4,0,0,0,0,0,0,二安,,見三振,,空三振,,空三振,,,空三振,,
2,(右),2,近藤 健介,0.375,4,1,3,1,0,0,0,0,0,0,0,右安,,左犠飛,,中安,,,中安,,中飛,,
2,(指),3,柳田 悠岐,0.250,4,1,1,3,0,0,0,0,0,0,1,二ゴロ,,二ゴロ,,右中本,,,二併打,,,,
2,(一),4,山川 穂高,0.125,4,0,0,0,3,0,0,0,0,0,0,右飛,,,空三振,空三振,,,空三振,,,,
2,(左),5,正木 智也,0.250,4,0,1,0,2,0,0,0,0,0,0,,遊ゴロ,,右安,,空三振,,,見三振,,,
2,(遊),6,今宮 健太,0.286,4,0,1,0,2,0,0,0,0,0,0,,右安,,遊ゴロ,,空三振,,,見三振,,,
2,(二),7,ダウンズ,0.000,3,0,0,0,0,1,0,0,1,0,0,,中飛,,二飛,,左飛,,,四球,,,
2,(三),8,リチャード,0.000,4,0,0,0,2,0,0,0,0,0,0,,空三振,,,三ゴロ,,三ゴロ,,空三振,,,
2,(捕),13,海野 隆司,0.667,3,2,2,0,0,0,0,0,0,0,0,,,右３,,右安,,左飛,,,,,
2,打,14,中村 晃,0.000,1,0,0,0,0,0,0,0,0,0,0,,,,,,,,,,遊ゴロ,,
3,(中),1,周東 佑京,0.333,5,0,2,0,1,0,0,0,1,0,0,遊ゴロ,,右安,遊飛,,左安,,,見三振,,,
3,(指),2,近藤 健介,0.333,4,1,1,0,1,1,0,0,0,0,0,見三振,,二ゴロ,三ゴロ,,四球,,,中安,,,
3,走指,11,渡邉 陸,,0,0,0,0,0,0,0,0,0,0,0,,,,,,,,,,,,
3,(左),3,柳田 悠岐,0.308,5,1,2,0,1,0,0,0,0,0,0,見三振,,左安,,右安,遊ゴロ,,,遊飛,,,
3,(一),4,山川 穂高,0.077,5,1,0,0,2,0,0,0,0,0,0,,三失,三ゴロ,,空三振,,空三振,,中飛,,,
3,(右),5,正木 智也,0.364,3,1,2,3,0,0,0,0,0,0,1,,左本,中犠飛,,右安,,三ゴロ,,,,,
3,(遊),6,今宮 健太,0.200,3,0,0,0,0,1,0,0,0,0,0,,二ゴロ,四球,,三ゴロ,,中飛,,,,,
3,(二),12,牧原 大成,0.400,4,0,1,1,0,0,0,0,0,0,0,,中飛,左安,,遊ゴロ,,,二ゴロ,,,,
3,(三),8,リチャード,0.083,4,0,1,0,2,0,0,0,0,0,0,,左２,投ゴロ,,,空三振,,空三振,,,,
3,捕,9,谷川原 健太,0.000,0,0,0,0,0,0,0,0,0,0,0,,,,,,,,,,,,
3,(捕),13,海野 隆司,0.333,3,0,0,0,1,0,0,0,0,0,0,,左飛,,遊ゴロ,,空三振,,,,,,
3,打三,7,ダウンズ,0.000,1,0,0,0,1,0,0,0,0,0,0,,,,,,,,見三振,,,,
4,(中),1,周東 佑京,0.316,4,2,1,1,1,1,0,0,1,0,0,四球,左２,,見三振,,遊ゴロ,,,遊ゴロ,,,
4,(指),14,中村 晃,0.333,5,0,2,1,1,0,0,0,0,0,0,右安,右安,,空三振,,,左飛,,一ゴロ,,,
4,(左),3,柳田 悠岐,0.353,4,1,2,2,1,1,0,0,0,0,1,右安,空三振,,,中本,,四球,,二ゴロ,,,
4,右,15,川村 友斗,,0,0,0,0,0,0,0,0,0,0,0,,,,,,,,,,,,
4,(一),4,山川 穂高,0.118,4,0,1,0,1,0,0,0,0,0,0,右飛,,左安,,三ゴロ,,空三振,,,,,
4,(右),5,正木 智也,0.333,4,0,1,0,0,0,0,0,0,0,0,投ゴロ,,左安,,三ゴロ,,二ゴロ,,,,,
4,左,16,緒方 理貢,,0,0,0,0,0,0,0,0,0,0,0,,,,,,,,,,,,
4,(遊),6,今宮 健太,0.214,4,1,1,1,0,0,0,0,0,0,1,二ゴロ,,左飛,,左本,,,右飛,,,,
4,(二),12,牧原 大成,0.222,4,0,0,0,0,0,0,0,0,0,0,,二ゴロ,中飛,,二ゴロ,,,三邪飛,,,,
4,(三),8,リチャード,0.125,4,1,1,0,2,0,0,0,0,0,0,,左２,見三振,,,空三振,,左飛,,,,
4,(捕),13,海野 隆司,0.300,4,0,1,0,1,0,0,0,0,0,0,,左飛,,投ゴロ,,空三振,,,左２,,,
5,(中),1,周東 佑京,0.333,5,0,2,0,1,0,0,0,0,0,0,一ゴロ,,三安,,投安,,三飛,,空三振,,,
5,(指),14,中村 晃,0.375,2,0,1,0,0,2,0,0,0,0,0,左安,,二併打,,四球,,四球,,,,,
5,走指,17,野村 勇,,0,0,0,0,0,0,0,0,0,0,0,,,,,,,,,,,,
5,(左),3,柳田 悠岐,0.286,4,0,0,0,2,0,0,0,0,0,0,見三振,,遊ゴロ,,中飛,,空三振,,,,,
5,(一),4,山川 穂高,0.095,4,0,0,0,1,0,0,0,0,0,0,右飛,,,空三振,二ゴロ,,右飛,,,,,
5,(右),5,正木 智也,0.333,3,1,1,0,0,1,0,0,0,0,0,,左安,,遊ゴロ,,四球,,三ゴロ,,,,
5,(遊),6,今宮 健太,0.235,3,0,1,1,0,1,0,0,0,0,0,,左飛,,四球,,左安,,遊ゴロ,,,,
5,(二),7,ダウンズ,0.182,4,0,2,0,0,0,0,0,0,0,0,,右安,,中安,,中飛,,右飛,,,,
5,(三),8,リチャード,0.100,4,0,0,0,2,0,0,0,0,1,0,,二併打,,空三振,,空三振,,,投ゴロ,,,
5,(捕),9,谷川原 健太,0.000,2,0,0,0,1,1,0,0,0,0,0,,,四球,,空三振,右飛,,,,,,
5,打,12,牧原 大成,0.200,1,0,0,0,0,0,0,0,0,0,0,,,,,,,,,二飛,,,
6,(中),1,周東 佑京,0.310,5,0,1,0,1,0,0,0,0,1,0,二ゴロ,,遊ゴロ,,見三振,,,左安,一飛,,,
6,(遊三),10,川瀬 晃,0.333,3,0,1,0,0,0,0,0,0,0,0,左安,,右飛,,,遊ゴロ,,,,,,
6,打三,7,ダウンズ,0.167,1,0,0,0,0,0,0,0,0,0,0,,,,,,,,三直,,,,
6,(左),3,柳田 悠岐,0.292,3,0,1,0,1,1,0,0,0,0,0,左安,,四球,,,見三振,,中飛,,,,
6,(一),4,山川 穂高,0.080,4,0,0,0,1,0,0,0,0,1,0,右飛,,遊ゴロ,,,空三振,,右飛,,,,
6,(右),5,正木 智也,0.300,2,0,0,0,1,2,0,0,0,0,0,右飛,,,空三振,,,四球,,四球,,,
6,(指),14,中村 晃,0.417,4,0,2,0,0,0,0,0,0,0,0,,左飛,,遊ゴロ,,,右安,,左安,,,
6,走指,16,緒方 理貢,,0,0,0,0,0,0,0,0,0,0,0,,,,,,,,,,,,
6,(二),12,牧原 大成,0.214,4,0,1,0,0,0,0,0,1,0,0,,二安,,遊ゴロ,,,中飛,,右飛,,,
6,(三),8,リチャード,0.091,2,0,0,0,2,0,0,0,0,0,0,,空三振,,,空三振,,,,,,,
6,打遊,6,今宮 健太,0.263,2,0,1,0,1,0,0,0,0,0,0,,,,,,,空三振,,左安,,,
6,(捕),9,谷川原 健太,0.000,2,0,0,0,2,0,0,0,0,0,0,,空三振,,,空三振,,,,,,,
6,捕,11,渡邉 陸,0.000,1,0,0,0,1,0,0,0,0,0,0,,,,,,,空三振,,,,,
6,打,18,柳町 達,0.000,1,0,0,0,1,0,0,0,0,0,0,,,,,,,,,空三振,,,
7,(中),1,周東 佑京,0.333,4,0,2,2,0,0,0,0,0,0,0,左２,,二ゴロ,,中安,,,左飛,,,,
7,中,15,川村 友斗,,0,0,0,0,0,0,0,0,0,0,0,,,,,,,,,,,,
7,(二),7,ダウンズ,0.125,4,0,0,0,1,0,0,0,0,0,0,三邪飛,,遊ゴロ,,空三振,,,中飛,,,,
7,(指),3,柳田 悠岐,0.286,4,1,1,0,1,0,0,0,0,0,0,空三振,,,中飛,,遊ゴロ,,,中２,,,
7,(一),4,山川 穂高,0.069,4,0,0,0,2,0,0,0,0,1,0,空三振,,,空三振,,投ゴロ,,,投ゴロ,,,
7,(左),5,正木 智也,0.292,4,0,1,1,1,0,0,0,0,0,0,,二ゴロ,,中飛,,空三振,,,遊安,,,
7,(遊),6,今宮 健太,0.304,4,1,2,0,1,0,0,0,0,0,0,,左安,,,右安,,右飛,,空三振,,,
7,(右),18,柳町 達,0.200,4,1,1,0,0,0,0,0,0,0,0,,左飛,,,中安,,左飛,,二ゴロ,,,
7,(捕),13,海野 隆司,0.250,2,0,0,0,1,0,0,1,0,0,0,,空三振,,,投犠打,,右飛,,,,,
7,(三),19,廣瀨 隆太,0.000,2,0,0,0,0,1,0,0,0,0,0,,,左飛,,四球,,,中飛,,,,
8,(中),1,周東 佑京,0.324,4,3,1,0,1,1,0,0,1,0,0,投ゴロ,,右安,,三失,四球,,空三振,,,,
8,中,15,川村 友斗,,0,0,0,0,0,0,0,0,0,0,0,,,,,,,,,,,,
8,(指),14,中村 晃,0.357,2,3,0,0,0,2,0,0,0,0,0,一ゴロ,,投ゴロ,,四球,四球,,,,,,
8,打指,7,ダウンズ,0.118,1,0,0,0,0,0,0,0,0,0,0,,,,,,,,投ゴロ,,,,
8,(左),3,柳田 悠岐,0.323,3,1,2,1,0,0,0,0,0,0,0,中安,,遊ゴロ,,右安,,,,,,,
8,走左,16,緒方 理貢,0.500,2,1,1,2,1,0,0,0,0,0,0,,,,,,右３,,空三振,,,,
8,(一),4,山川 穂高,0.152,4,2,3,5,1,0,0,0,0,1,1,左本,,右安,,左２,空三振,,,,,,
8,一,10,川瀬 晃,0.333,0,0,0,0,0,0,0,0,0,0,0,,,,,,,,,,,,
8,(右),5,正木 智也,0.296,3,1,1,2,1,0,0,0,0,0,1,三ゴロ,,空三振,,中犠飛,,左中本,,,,,
8,(遊),6,今宮 健太,0.370,4,0,3,1,0,0,0,0,0,0,0,,右安,,三ゴロ,中安,,右安,,,,,
8,走遊,17,野村 勇,,0,0,0,0,0,0,0,0,0,0,0,,,,,,,,,,,,
8,(三),19,廣瀨 隆太,0.000,4,0,0,0,1,0,0,0,0,1,0,,二併打,,三ゴロ,空三振,,三ゴロ,,,,,
8,(捕),13,海野 隆司,0.188,4,0,0,0,1,0,0,0,0,0,0,,右飛,,一邪飛,,三ゴロ,空三振,,,,,
8,(二),12,牧原 大成,0.222,4,0,1,0,2,0,0,0,0,0,0,,,中安,,遊ゴロ,見三振,空三振,,,,,
9,(中),1,周東 佑京,0.317,4,1,1,1,0,1,0,0,0,0,0,三失,三失,,,左飛,右３,,,四球,,,
9,(三),10,川瀬 晃,0.429,4,0,2,0,1,0,0,1,0,0,0,中安,左飛,,,左２,空三振,,,三犠打,,,
9,(指),14,中村 晃,0.278,4,0,0,0,0,1,0,0,0,0,0,二併打,左飛,,,四球,,二ゴロ,,左飛,,,
9,(一),4,山川 穂高,0.194,3,0,2,0,0,1,0,0,0,0,0,四球,,三安,,中安,,右飛,,,,,
9,左,16,緒方 理貢,0.500,0,0,0,0,0,0,0,0,0,0,0,,,,,,,,,,,,
9,(左),5,正木 智也,0.290,4,0,1,1,0,0,0,0,0,0,0,左安,,遊併打,,左飛,,二ゴロ,,,,,
9,一,17,野村 勇,,0,0,0,0,0,0,0,0,0,0,0,,,,,,,,,,,,
9,(遊),6,今宮 健太,0.355,4,1,1,0,0,0,0,0,0,0,0,遊ゴロ,,遊ゴロ,,,遊安,,一直,,,,
9,(右),18,柳町 達,0.250,3,1,1,0,1,1,0,0,0,0,0,,四球,,空三振,,右安,,中飛,,,,
9,右,20,佐藤 直樹,,0,0,0,0,0,0,0,0,0,0,0,,,,,,,,,,,,
9,(捕),13,海野 隆司,0.211,3,1,1,1,0,0,0,1,0,0,0,,投犠打,,右飛,,中安,,二ゴロ,,,,
9,(二),12,牧原 大成,0.227,4,1,1,1,1,0,0,0,0,0,0,,右３,,右飛,,空三振,,,中飛,,,
10,(中),1,周東 佑京,0.326,5,1,2,1,1,0,0,0,0,0,0,空三振,,二ゴロ,,左安,,二ゴロ,,中安,,,
10,(右),20,佐藤 直樹,0.250,4,1,1,0,1,0,0,1,0,0,0,中飛,,空三振,,二飛,,,中安,投犠打,,,
10,(指),14,中村 晃,0.318,4,1,2,0,1,1,0,0,0,0,0,投安,,,遊ゴロ,,空三振,,右安,四球,,,
10,走指,16,緒方 理貢,0.500,0,1,0,0,0,0,0,0,0,0,0,,,,,,,,,,,,
10,(一),4,山川 穂高,0.244,5,2,3,4,0,0,0,0,0,0,1,右飛,,,三ゴロ,,左２,,中安,左本,,,
10,(左),5,正木 智也,0.306,5,1,2,1,1,0,0,0,0,0,0,,三ゴロ,,空三振,,中飛,,左安,中安,,,
10,(遊),6,今宮 健太,0.314,4,0,0,0,0,1,0,0,0,0,0,,右飛,,,三ゴロ,四球,,遊併打,遊飛,,,
10,(二三),7,ダウンズ,0.227,5,2,3,1,0,0,0,0,0,1,0,,投ゴロ,,,中２,二飛,,左２,左２,,,
10,二,10,川瀬 晃,0.429,0,0,0,0,0,0,0,0,0,0,0,,,,,,,,,,,,
10,(捕),13,海野 隆司,0.182,3,1,0,0,2,0,0,0,0,0,0,,,遊失,,空三振,,空三振,,,,,
10,打,3,柳田 悠岐,0.323,0,0,0,0,0,1,0,0,0,0,0,,,,,,,,故意四,,,,
10,走捕,11,渡邉 陸,0.500,1,0,1,2,0,0,0,0,0,0,0,,,,,,,,,中安,,,
10,(三二),19,廣瀨 隆太,0.125,2,0,1,1,0,1,0,0,0,0,0,,,右安,,四球,,一ゴロ,,,,,
10,打,18,柳町 達,0.222,1,0,0,0,0,0,0,0,0,0,0,,,,,,,,二ゴロ,,,,
10,二三,17,野村 勇,0.000,1,0,0,0,0,0,0,0,0,0,0,,,,,,,,,三直,,,
11,(中),1,周東 佑京,0.320,4,0,1,0,1,2,0,0,2,0,0,四球,見三振,,,遊安,,,投ゴロ,,遊ゴロ,,四球
11,(三),19,廣瀨 隆太,0.250,4,0,2,0,1,0,0,0,0,0,0,投ゴロ,,右安,,空三振,,,中安,,,,
11,走三,17,野村 勇,0.500,1,0,1,0,0,0,0,0,1,0,0,,,,,,,,,,中安,,
11,打,3,柳田 悠岐,0.313,1,0,0,0,0,0,0,0,0,0,0,,,,,,,,,,,,遊直
11,三,10,川瀬 晃,0.429,0,0,0,0,0,0,0,0,0,0,0,,,,,,,,,,,,
11,(一),14,中村 晃,0.269,4,0,0,0,0,1,0,0,0,0,0,中飛,,四球,,左飛,,,二ゴロ,,,投ゴロ,
11,(指),4,山川 穂高,0.239,5,0,1,0,1,0,0,0,0,0,0,空三振,,捕邪飛,,,投ゴロ,,三直,,,左安,
11,走指,7,ダウンズ,0.227,0,0,0,0,0,0,0,0,0,0,0,,,,,,,,,,,,
11,(左),5,正木 智也,0.268,5,0,0,0,1,0,0,0,0,0,0,,見三振,二併打,,,三ゴロ,,,遊ゴロ,,中飛,
11,左,16,緒方 理貢,0.500,0,0,0,0,0,0,0,0,0,0,0,,,,,,,,,,,,
11,(遊),6,今宮 健太,0.308,4,1,1,0,1,1,0,0,0,0,0,,中安,,三ゴロ,,三ゴロ,,,空三振,,四球,
11,(右),18,柳町 達,0.182,2,0,0,0,2,1,0,0,0,0,0,,四球,,空三振,,,空三振,,,,,
11,右,20,佐藤 直樹,0.167,2,0,0,0,0,0,0,0,0,0,0,,,,,,,,,左飛,,遊ゴロ,
11,(捕),11,渡邉 陸,0.429,5,0,2,0,3,0,0,0,0,0,0,,左安,,空三振,,,空三振,,,中安,,空三振
11,(二),12,牧原 大成,0.192,4,0,0,1,1,0,0,1,0,0,0,,遊ゴロ,,,一ゴロ,,空三振,,,投犠打,,二ゴロ
12,(中),1,周東 佑京,0.309,5,0,1,0,0,0,0,0,0,0,0,中飛,,左飛,,二ゴロ,,,捕ゴロ,,左安,,
12,(遊),10,川瀬 晃,0.300,3,0,0,0,0,0,0,0,0,0,0,一ゴロ,,二ゴロ,,,二ゴロ,,,,,,
12,打遊,6,今宮 健太,0.317,2,0,1,1,0,0,0,0,0,0,0,,,,,,,,中安,,右飛,,
12,(指),3,柳田 悠岐,0.286,3,0,0,0,1,0,0,0,0,0,0,空三振,,,遊飛,,遊直,,,,,,
12,打指,14,中村 晃,0.250,2,0,0,0,1,0,0,0,0,0,0,,,,,,,,二ゴロ,,空三振,,
12,(一),4,山川 穂高,0.280,4,3,3,2,0,0,0,0,0,0,2,,左安,,左本,,捕邪飛,,,左本,,,
12,(左),5,正木 智也,0.273,3,0,1,0,0,1,0,0,1,0,0,,四球,,左安,,,遊ゴロ,,二ゴロ,,,
12,(右),18,柳町 達,0.143,3,0,0,0,2,0,0,0,0,0,0,,一ゴロ,,空三振,,,見三振,,,,,
12,右,20,佐藤 直樹,0.143,1,0,0,0,1,0,0,0,0,0,0,,,,,,,,,見三振,,,
12,(三二),19,廣瀨 隆太,0.200,3,0,0,1,1,0,0,0,0,0,0,,左犠飛,,二ゴロ,,,二飛,,見三振,,,
12,(捕),13,海野 隆司,0.167,2,0,0,0,0,0,0,0,0,0,0,,二邪飛,,,中失,,,,,,,
12,打三,7,ダウンズ,0.217,1,0,0,0,1,0,0,0,0,0,0,,,,,,,,空三振,,,,
12,三,17,野村 勇,0.667,1,1,1,1,0,0,0,0,0,0,1,,,,,,,,,,左本,,
12,(二),12,牧原 大成,0.179,2,0,0,0,1,0,0,0,0,0,0,,,右飛,,空三振,,,,,,,
12,打捕,21,嶺井 博希,0.500,2,1,1,0,1,0,0,0,0,0,0,,,,,,,,右安,,空三振,,
13,(中),1,周東 佑京,0.297,4,0,1,0,1,1,0,0,1,0,0,左安,,空三振,,左飛,,四球,,投ゴロ,,,
13,(遊),6,今宮 健太,0.273,3,1,1,0,0,2,0,0,0,0,0,遊ゴロ,,四球,,,四球,一失,,中安,,,
13,走,17,野村 勇,0.667,0,0,0,0,0,0,0,0,0,0,0,,,,,,,,,,,,
13,(三),22,栗原 陵矢,0.400,5,1,2,0,1,0,0,0,0,0,0,右飛,,一直,,,中安,見三振,,中安,,,
13,(指),4,山川 穂高,0.242,5,0,0,0,1,0,0,0,0,0,0,左飛,,,中飛,,空三振,捕邪飛,,二飛,,,
13,(左),5,正木 智也,0.263,4,0,1,0,1,0,0,0,0,0,0,,空三振,,中安,,中飛,,中飛,,,,
13,二,12,牧原 大成,0.222,0,0,0,0,0,0,0,0,0,0,0,,,,,,,,,,,,
13,(一),14,中村 晃,0.300,4,1,3,3,0,0,0,0,0,0,1,,投安,,二ゴロ,,右本,,左安,,,,
13,走左,16,緒方 理貢,0.400,0,0,0,0,0,0,0,0,0,0,0,,,,,,,,,,,,
13,(二一),19,廣瀨 隆太,0.276,3,0,1,0,2,1,0,0,0,0,0,,空三振,,見三振,,左安,,四球,,,,
13,(右),23,山本 恵大,0.000,3,0,0,0,3,0,0,0,0,0,0,,空三振,,,空三振,見三振,,,,,,
13,右,20,佐藤 直樹,0.278,1,0,0,0,0,0,0,0,0,0,0,,,,,,,,三ゴロ,,,,
13,(捕),11,渡邉 陸,0.250,3,0,0,0,1,0,0,0,0,0,0,,,左飛,,空三振,,左飛,,,,,
13,打,18,柳町 達,0.125,1,0,0,0,1,0,0,0,0,0,0,,,,,,,,,空三振,,,
14,null,null,null,null,null,null,null,null,null,null,null,null,null,null,null,null,null,null,null,null,null,null,null,null,null,null,null
15,(遊),10,川瀬 晃,0.294,3,0,0,0,1,1,0,0,1,0,0,四球,,遊ゴロ,,,二ゴロ,,,空三振,,,
15,(右),20,佐藤 直樹,0.238,3,1,0,0,1,1,0,0,1,0,0,見三振,,,中飛,,,四球,,遊ゴロ,,,
15,(三),22,栗原 陵矢,0.222,4,0,0,0,1,0,0,0,0,0,0,捕ゴロ,,,空三振,,,一ゴロ,,一ゴロ,,,
15,(指),4,山川 穂高,0.232,3,0,0,1,2,0,0,0,0,0,0,空三振,,,空三振,,,三ゴロ,,,,,
15,(左),5,正木 智也,0.259,1,0,0,0,0,0,0,0,0,0,0,,遊飛,,,,,,,,,,
15,打左,18,柳町 達,0.118,1,0,0,0,1,1,0,0,0,0,0,,,,,空三振,,四球,,,,,
15,走左,16,緒方 理貢,0.400,0,0,0,0,0,0,0,0,1,0,0,,,,,,,,,,,,
15,(一),14,中村 晃,0.279,3,0,0,0,0,0,0,0,0,0,0,,投ゴロ,,,一ゴロ,,三ゴロ,,,,,
15,(二),19,廣瀨 隆太,0.250,3,0,0,0,1,0,0,0,0,1,0,,右邪飛,,,左飛,,,空三振,,,,
15,(中),12,牧原 大成,0.205,3,0,0,0,1,0,0,0,0,0,0,,,空三振,,,二ゴロ,,捕ゴロ,,,,
15,(捕),13,海野 隆司,0.143,2,0,0,0,1,0,0,0,0,0,0,,,遊ゴロ,,,空三振,,,,,,
16,(左),16,緒方 理貢,0.333,4,0,1,0,1,0,0,0,0,0,0,二ゴロ,,空三振,,,二安,,,遊ゴロ,,,
16,(遊),6,今宮 健太,0.254,4,0,0,0,2,0,0,0,0,0,0,空三振,,空三振,,,遊併打,,,右飛,,,
16,(三),22,栗原 陵矢,0.154,4,0,0,0,2,0,0,0,0,0,0,二ゴロ,,,空三振,,二ゴロ,,,見三振,,,
16,(指),4,山川 穂高,0.222,3,0,0,0,1,0,0,0,0,0,0,,空三振,,三ゴロ,,,遊ゴロ,,,,,
16,(一),14,中村 晃,0.261,3,0,0,0,0,0,0,0,0,0,0,,投ゴロ,,二ゴロ,,,遊ゴロ,,,,,
16,(二),19,廣瀨 隆太,0.257,3,0,1,0,1,0,0,0,0,0,0,,見三振,,,右２,,捕邪飛,,,,,
16,(中),12,牧原 大成,0.214,3,0,1,0,1,0,0,0,0,0,0,,,左安,,空三振,,,二ゴロ,,,,
16,(捕),13,海野 隆司,0.162,2,0,1,0,0,0,0,0,0,0,0,,,左安,,左飛,,,,,,,
16,打,24,石塚 綜一郎,0.000,1,0,0,0,0,0,0,0,0,0,0,,,,,,,,三ゴロ,,,,
16,捕,11,渡邉 陸,0.250,0,0,0,0,0,0,0,0,0,0,0,,,,,,,,,,,,
16,(右),20,佐藤 直樹,0.217,2,0,0,0,1,0,0,1,0,0,0,,,投犠打,,空三振,,,遊ゴロ,,,,
17,(中),1,周東 佑京,0.308,4,1,2,1,1,1,0,0,0,0,0,四球,,一野選,右安,,空三振,,,投安,,,
17,(遊),6,今宮 健太,0.266,5,0,2,0,0,0,0,0,0,0,0,遊併打,,右安,三ゴロ,,,右飛,,右安,,,
17,(三),22,栗原 陵矢,0.294,4,0,3,1,0,1,0,0,0,0,0,二ゴロ,,右安,,右安,,中安,,四球,,,
17,(指),4,山川 穂高,0.208,5,0,0,0,1,0,0,0,0,0,0,,左飛,見三振,,捕邪飛,,三併打,,左飛,,,
17,(一),14,中村 晃,0.260,4,0,1,0,0,0,0,0,0,0,0,,二安,右飛,,一ゴロ,,,左飛,,,,
17,(二),19,廣瀨 隆太,0.282,4,1,2,0,1,0,0,0,0,0,0,,三ゴロ,,中安,中安,,,空三振,,,,
17,二,12,牧原 大成,0.214,0,0,0,0,0,0,0,0,0,0,0,,,,,,,,,,,,
17,(捕),21,嶺井 博希,0.167,3,0,0,0,1,0,0,1,0,0,0,,空三振,,捕犠打,中飛,,,中飛,,,,
17,捕,13,海野 隆司,0.162,0,0,0,0,0,0,0,0,0,0,0,,,,,,,,,,,,
17,(左),23,山本 恵大,0.000,3,0,0,0,0,0,0,0,0,0,0,,,遊ゴロ,捕邪飛,,三ゴロ,,,,,,
17,左,16,緒方 理貢,0.300,1,0,0,0,0,0,0,0,0,0,0,,,,,,,,,左飛,,,
17,(右),20,佐藤 直樹,0.259,4,1,2,1,1,0,0,0,0,0,0,,,右３,右安,,見三振,,,遊ゴロ,,,
18,(中),1,周東 佑京,0.317,5,1,2,2,0,1,0,0,0,0,0,投直,,遊ゴロ,中安,,中２,二ゴロ,,四球,,,
18,(右),20,佐藤 直樹,0.308,6,0,3,2,2,0,0,0,0,0,0,中安,,右安,空三振,,左安,,捕邪飛,見三振,,,
18,(三),7,ダウンズ,0.231,3,1,1,0,1,2,0,0,0,0,0,中飛,,左安,,四球,四球,,空三振,,,,
18,(指),4,山川 穂高,0.278,4,0,1,0,0,0,1,0,0,0,0,死球,,左飛,,中飛,遊飛,,右安,,,,
18,走指,23,山本 恵大,,0,0,0,0,0,0,0,0,0,0,0,,,,,,,,,,,,
18,(左),5,正木 智也,0.255,3,0,0,0,2,0,0,0,0,0,0,右飛,,空三振,,見三振,,,,,,,
18,左,16,緒方 理貢,0.500,2,0,1,0,0,0,0,0,0,0,0,,,,,,二ゴロ,,中安,,,,
18,(遊),6,今宮 健太,0.283,5,1,0,0,1,0,0,0,0,0,0,,中飛,,三直,三失,,空三振,右飛,,,,
18,遊,10,川瀬 晃,0.300,0,0,0,0,0,0,0,0,0,0,0,,,,,,,,,,,,
18,(一),19,廣瀨 隆太,0.300,5,2,3,2,1,0,0,0,0,0,1,,三ゴロ,,右安,左中本,,中安,,空三振,,,
18,(捕),13,海野 隆司,0.172,5,1,1,0,0,0,0,0,0,0,0,,右飛,,中安,二ゴロ,,右飛,,左飛,,,
18,(二),12,牧原 大成,0.242,5,2,3,1,0,0,0,0,0,0,0,,,左２,左２,,遊ゴロ,一失,,中安,,,
19,(中),1,周東 佑京,0.308,5,0,1,0,1,0,0,0,0,0,0,空三振,,左安,,,二ゴロ,,左飛,,三ゴロ,,
19,(右),20,佐藤 直樹,0.294,4,0,1,0,1,1,0,0,1,0,0,遊失,,投併打,,,四球,,左２,,空三振,,
19,(指),14,中村 晃,0.219,4,0,0,0,1,0,0,0,0,0,0,三飛,,,空三振,,中飛,,一邪直,,,,
19,(一),4,山川 穂高,0.263,3,0,0,0,0,1,0,0,0,0,0,左飛,,,二ゴロ,,遊ゴロ,,故意四,,,,
19,(左),5,正木 智也,0.260,3,0,1,0,1,0,0,0,0,0,0,,中安,,空三振,,,二失,,,,,
19,走左,16,緒方 理貢,0.400,1,1,0,0,0,0,0,0,0,0,0,,,,,,,,二ゴロ,,,,
19,(遊),6,今宮 健太,0.265,3,0,0,0,1,0,0,1,0,0,0,,空三振,,,捕邪飛,,投犠打,,二ゴロ,,,
19,(三),19,廣瀨 隆太,0.318,2,0,1,1,1,2,0,0,1,0,0,,見三振,,,四球,,右２,,四球,,,
19,走三,17,野村 勇,0.667,0,0,0,0,0,0,0,0,0,0,0,,,,,,,,,,,,
19,(捕),13,海野 隆司,0.156,3,0,0,0,2,0,0,0,0,0,0,,空三振,,,投ゴロ,,空三振,,,,,
19,打,18,柳町 達,0.133,1,0,0,0,0,0,0,0,0,0,0,,,,,,,,,投併打,,,
19,捕,21,嶺井 博希,0.500,0,0,0,0,0,0,0,0,0,0,0,,,,,,,,,,,,
19,(二),12,牧原 大成,0.222,3,0,0,0,0,0,0,0,0,0,0,,,二飛,,二ゴロ,,三直,,,,,
19,打,7,ダウンズ,0.222,1,0,0,0,0,0,0,0,0,0,0,,,,,,,,,,左飛,,
20,(中),1,周東 佑京,0.300,5,0,1,0,0,0,0,0,0,0,0,二ゴロ,,一ゴロ,,左飛,,三安,,左飛,,,
20,(右),23,山本 恵大,0.000,3,0,0,1,0,1,1,0,0,0,0,四球,,二ゴロ,,死球,,二併打,,遊ゴロ,,,
20,(指),14,中村 晃,0.250,4,0,2,0,0,0,0,0,0,0,0,左飛,,左安,,中飛,,中安,,,,,
20,(一),4,山川 穂高,0.262,4,0,1,0,2,0,0,0,0,1,0,空三振,,遊飛,,,左安,見三振,,,,,
20,(左),5,正木 智也,0.264,3,0,1,0,0,1,0,0,0,0,0,,右安,,中飛,,四球,,三邪飛,,,,
20,(遊),6,今宮 健太,0.269,3,0,1,0,1,1,0,0,0,0,0,,中飛,,左２,,四球,,空三振,,,,
20,(二),19,廣瀨 隆太,0.269,4,0,0,0,3,0,0,0,0,0,0,,二直,,見三振,,空三振,,空三振,,,,
20,(捕),13,海野 隆司,0.152,1,0,0,0,0,0,0,0,0,0,0,,一ゴロ,,,,,,,,,,
20,打捕,11,渡邉 陸,0.333,2,0,0,0,0,1,0,0,0,0,0,,,,二ゴロ,,左飛,,,四球,,,
20,(三),10,川瀬 晃,0.357,4,2,2,0,1,0,0,0,0,0,0,,,左２,,中飛,,右２,,空三振,,,
21,(中),1,周東 佑京,0.333,6,1,4,2,2,1,0,0,0,0,0,空三振,,,二安,,空三振,右２,,左安,故意四,,中安
21,(遊),6,今宮 健太,0.268,7,0,2,0,0,0,0,0,0,0,0,右飛,,,中飛,,右飛,左安,,遊安,中飛,,遊ゴロ
21,(三),22,栗原 陵矢,0.381,4,1,3,1,1,0,0,0,0,0,1,空三振,,,左安,,右中本,,右安,,,,
21,走三,17,野村 勇,0.667,0,0,0,0,0,0,0,0,1,0,0,,,,,,,,,,,,
21,打二,12,牧原 大成,0.205,2,0,0,0,2,0,0,0,0,0,0,,,,,,,,,空三振,空三振,,
21,(指),4,山川 穂高,0.203,2,0,0,0,1,2,0,0,0,0,0,,左飛,,空三振,,四球,,四球,,,,
21,走指,10,川瀬 晃,0.316,2,0,1,2,0,0,0,0,0,0,0,,,,,,,,,右安,,投ゴロ,
21,(一),14,中村 晃,0.241,4,0,0,0,0,1,0,1,0,0,0,,左飛,,一ゴロ,,中飛,,投犠打,故意四,,右飛,
21,(二三),19,廣瀨 隆太,0.267,6,1,1,0,2,0,0,0,0,0,0,,空三振,,,遊ゴロ,,右安,右飛,三ゴロ,,空三振,
21,(右),20,佐藤 直樹,0.212,6,0,0,0,4,0,0,0,0,0,0,,,空三振,,遊ゴロ,,中飛,空三振,,空三振,,空三振
21,(捕),13,海野 隆司,0.179,2,0,1,0,0,0,0,0,0,0,0,,,左飛,,右安,,,,,,,
21,打捕,21,嶺井 博希,0.222,3,1,1,0,0,0,1,0,0,0,0,,,,,,,左安,,右邪飛,死球,,左飛
21,(左),16,緒方 理貢,0.250,2,0,0,0,0,0,0,0,0,0,0,,,右飛,,一直,,,,,,,
21,打左,24,石塚 綜一郎,0.333,2,1,1,0,0,0,0,0,0,0,0,,,,,,,中飛,,左安,,,
21,左,18,柳町 達,0.118,0,0,0,0,0,1,0,1,0,0,0,,,,,,,,,,犠打失,,四球
22,(中),1,周東 佑京,0.345,3,1,2,2,0,0,1,0,0,0,0,三安,中飛,,中３,,死球,,,,,,
22,走中,12,牧原 大成,0.205,0,0,0,0,0,0,0,0,0,0,0,,,,,,,,,,,,
22,(遊),6,今宮 健太,0.253,4,0,0,0,1,0,0,0,0,0,0,一ゴロ,,左飛,遊ゴロ,,空三振,,,,,,
22,(三),22,栗原 陵矢,0.360,4,0,1,1,1,0,0,0,0,0,0,左２,,投ゴロ,,中飛,,空三振,,,,,
22,(指),4,山川 穂高,0.207,3,0,1,0,1,1,0,0,0,0,0,四球,,右飛,,空三振,,左２,,,,,
22,(一),14,中村 晃,0.259,4,0,2,0,0,0,0,0,0,0,0,右安,,,中安,遊ゴロ,,右飛,,,,,
22,二,17,野村 勇,0.667,0,0,0,0,0,0,0,0,0,0,0,,,,,,,,,,,,
22,(左),24,石塚 綜一郎,0.333,3,0,1,0,1,0,0,0,0,0,0,二併打,,,空三振,,遊安,,,,,,
22,走左,16,緒方 理貢,0.231,1,1,0,0,0,0,0,0,0,0,0,,,,,,,二ゴロ,,,,,
22,(右),18,柳町 達,0.238,4,2,3,2,1,0,0,0,0,0,1,,右本,,左安,,右２,,空三振,,,,
22,(二一),19,廣瀨 隆太,0.265,4,1,1,0,2,0,0,0,0,0,0,,空三振,,右安,,一ゴロ,,空三振,,,,
22,(捕),13,海野 隆司,0.186,4,1,1,1,1,0,0,0,0,0,0,,空三振,,左安,,右飛,,三ゴロ,,,,
23,(中),12,牧原 大成,0.213,3,0,1,0,1,0,0,1,0,0,0,遊ゴロ,,,空三振,,投犠打,,中安,,,,
23,打二,10,川瀬 晃,0.300,1,0,0,0,0,0,0,0,0,0,0,,,,,,,,,二ゴロ,,,
23,(遊),6,今宮 健太,0.247,2,0,0,0,1,1,0,1,0,0,0,空三振,,,投ゴロ,,四球,,一犠打,,,,
23,(三),22,栗原 陵矢,0.321,3,0,0,0,1,1,0,0,0,0,0,空三振,,,二ゴロ,,左飛,,故意四,,,,
23,(指),4,山川 穂高,0.198,4,0,0,0,2,0,0,0,0,0,0,,二飛,,,空三振,見三振,,二飛,,,,
23,(一),14,中村 晃,0.258,4,0,1,0,2,0,0,0,0,0,0,,空三振,,,一安,,中飛,空三振,,,,
23,(左),24,石塚 綜一郎,0.333,3,0,1,0,1,0,0,0,0,0,0,,空三振,,,右飛,,左２,,,,,
23,走左,16,緒方 理貢,0.286,1,1,1,0,0,0,0,0,0,0,0,,,,,,,,,遊安,,,
23,(右),18,柳町 達,0.292,3,0,2,0,1,1,0,0,1,0,0,,,見三振,,二安,,右安,,四球,,,
23,(二),19,廣瀨 隆太,0.250,3,0,0,0,2,0,0,1,0,0,0,,,捕邪飛,,空三振,,空三振,,投犠打,,,
23,中,20,佐藤 直樹,0.212,0,0,0,0,0,0,0,0,0,0,0,,,,,,,,,,,,
23,(捕),13,海野 隆司,0.196,3,0,1,0,1,0,0,0,0,0,0,,,遊ゴロ,,,中安,見三振,,,,,
23,打捕,21,嶺井 博希,0.222,0,0,0,1,0,0,0,0,0,0,0,,,,,,,,,左犠飛,,,
24,(中二),12,牧原 大成,0.250,5,0,3,1,0,0,0,0,0,0,0,二飛,,一安,,,中安,二ゴロ,,右安,,,
24,(遊),10,川瀬 晃,0.250,4,0,0,0,1,0,0,0,0,0,0,一ゴロ,,二飛,,,右飛,,空三振,,,,
24,打,21,嶺井 博希,0.300,1,0,1,2,0,0,0,0,0,0,0,,,,,,,,,右安,,,
24,走,17,野村 勇,0.667,0,0,0,0,0,0,0,0,0,0,0,,,,,,,,,,,,
24,(三),22,栗原 陵矢,0.273,5,0,0,0,3,0,0,0,0,0,0,空三振,,空三振,,,左飛,,空三振,左飛,,,
24,(指),4,山川 穂高,0.189,4,0,0,0,2,0,0,0,0,0,0,,空三振,,右飛,,中飛,,空三振,,,,
24,(一),14,中村 晃,0.262,3,0,1,0,0,1,0,0,0,1,0,,中安,,二ゴロ,,,四球,,遊ゴロ,,,
24,(左),24,石塚 綜一郎,0.231,4,0,0,0,2,0,0,0,0,0,0,,中飛,,中飛,,,空三振,,空三振,,,
24,(右),18,柳町 達,0.308,2,1,1,0,0,2,0,0,0,1,0,,四球,,,投ゴロ,,右安,,四球,,,
24,(二),19,廣瀨 隆太,0.241,2,0,0,0,0,0,0,0,0,1,0,,三ゴロ,,,中飛,,,,,,,
24,打中,16,緒方 理貢,0.313,2,1,1,0,0,0,0,0,0,0,0,,,,,,,中飛,,中安,,,
24,(捕),13,海野 隆司,0.188,2,0,0,0,0,0,0,0,0,0,0,,,右飛,,二飛,,,,,,,
24,打捕,11,渡邉 陸,0.308,1,1,1,0,0,1,0,0,0,0,0,,,,,,,四球,,二安,,,
25,(中),12,牧原 大成,0.228,5,0,0,0,1,0,0,0,0,0,0,見三振,,二ゴロ,,二直,,一ゴロ,,,中飛,,
25,(遊),10,川瀬 晃,0.241,5,0,1,0,1,0,0,0,0,0,0,右安,,左飛,,,空三振,遊ゴロ,,,二ゴロ,,
25,(三),22,栗原 陵矢,0.289,5,1,2,0,2,0,0,0,0,0,0,中飛,,,空三振,,右安,,空三振,,中安,,
25,(指),4,山川 穂高,0.204,3,0,2,0,0,2,0,0,0,0,0,中安,,,四球,,四球,,二ゴロ,,左安,,
25,走指二,17,野村 勇,0.667,0,0,0,0,0,0,0,0,0,0,0,,,,,,,,,,,,
25,(一),14,中村 晃,0.257,5,0,1,0,0,0,0,0,0,0,0,三邪飛,,,右２,,二ゴロ,,遊飛,,二ゴロ,,
25,(右),18,柳町 達,0.355,5,1,3,2,1,0,0,0,0,0,1,,遊安,,遊直,,左２,,,中本,,空三振,
25,(左),24,石塚 綜一郎,0.200,2,0,0,0,2,0,0,0,0,0,0,,見三振,,空三振,,,,,,,,
25,打捕,21,嶺井 博希,0.308,3,0,1,0,0,0,0,0,0,0,0,,,,,,中飛,,,遊直,,二安,
25,(捕),11,渡邉 陸,0.267,2,0,0,0,1,0,0,0,0,0,0,,二直,,,空三振,,,,,,,
25,左,16,緒方 理貢,0.278,2,0,0,0,0,0,0,1,0,0,0,,,,,,,遊ゴロ,,遊ゴロ,,投犠打,
25,(二),19,廣瀨 隆太,0.237,5,0,1,0,1,0,0,0,0,0,0,,,空三振,,右飛,,中安,,遊飛,,二ゴロ,
26,(二),10,川瀬 晃,0.219,3,0,0,0,0,0,0,1,0,0,0,投ゴロ,,遊邪飛,,,投犠打,,遊ゴロ,,,,
26,(左),16,緒方 理貢,0.227,4,0,0,0,1,0,0,0,0,0,0,二ゴロ,,空三振,,,一ゴロ,,,三ゴロ,,,
26,(三),22,栗原 陵矢,0.286,4,0,1,0,1,0,0,0,0,0,0,見三振,,,中飛,,中飛,,,左安,,,
26,(一),4,山川 穂高,0.206,4,1,1,1,2,0,0,0,0,0,1,,左本,,空三振,,,空三振,,二ゴロ,,,
26,走一,17,野村 勇,0.667,0,0,0,0,0,0,0,0,1,0,0,,,,,,,,,,,,
26,(指),14,中村 晃,0.270,4,0,2,0,0,0,0,0,0,0,0,,右安,,二ゴロ,,,左安,,中飛,,,
26,(遊),6,今宮 健太,0.247,4,0,1,0,1,0,0,0,0,0,0,,投ゴロ,,,右飛,,見三振,,,左２,,
26,走,20,佐藤 直樹,0.212,0,0,0,0,0,0,0,0,0,0,0,,,,,,,,,,,,
26,(右),18,柳町 達,0.314,4,0,0,0,1,0,0,0,0,0,0,,三ゴロ,,,二ゴロ,,二ゴロ,,,空三振,,
26,(捕),13,海野 隆司,0.176,3,0,0,0,3,0,0,0,0,0,0,,空三振,,,空三振,,,空三振,,,,
26,打,21,嶺井 博希,0.286,1,0,0,0,0,0,0,0,0,0,0,,,,,,,,,,左飛,,
26,(中),12,牧原 大成,0.230,4,0,1,0,1,0,0,0,0,0,0,,,二ゴロ,,,中安,,空三振,,投ゴロ,,
27,(中),25,笹川 吉康,0.000,4,0,0,0,1,0,0,0,0,0,0,左飛,,三飛,,左飛,,,空三振,,,,
27,(遊),6,今宮 健太,0.241,2,1,0,0,0,1,1,0,0,1,0,二直,,,四球,,一飛,,死球,,,,
27,走遊,10,川瀬 晃,0.219,0,0,0,0,0,0,0,0,0,0,0,,,,,,,,,,,,
27,(三),22,栗原 陵矢,0.283,4,0,1,0,1,0,0,0,0,0,0,二ゴロ,,,右安,,空三振,,中飛,,,,
27,(一),4,山川 穂高,0.200,3,0,0,0,0,0,0,0,0,0,0,,三ゴロ,,中飛,,二ゴロ,,,,,,
27,一,24,石塚 綜一郎,0.188,1,0,0,0,1,0,0,0,0,0,0,,,,,,,,,空三振,,,
27,(指),14,中村 晃,0.260,3,0,0,0,0,1,0,0,0,0,0,,左飛,,二失,,,三ゴロ,,四球,,,
27,(捕),21,嶺井 博希,0.222,4,0,0,0,1,0,0,0,0,0,0,,三ゴロ,,三併打,,,中飛,,空三振,,,
27,(左),18,柳町 達,0.333,4,0,2,0,0,0,0,0,0,0,0,,,投安,,二ゴロ,,中安,,二ゴロ,,,
27,(二),19,廣瀨 隆太,0.226,3,0,0,0,0,0,0,0,0,0,0,,,遊併打,,右飛,,三ゴロ,,,,,
28,(遊),17,野村 勇,0.571,4,1,2,0,1,0,0,0,0,0,0,中２,,中飛,,空三振,,,左安,,,,
28,(中),25,笹川 吉康,0.125,4,1,1,0,2,0,0,0,0,0,0,右安,,空三振,,空三振,,,右飛,,,,
28,(三),22,栗原 陵矢,0.286,3,0,1,1,1,0,0,0,0,0,0,左犠飛,,空三振,,,二ゴロ,,中安,,,,
28,(指),4,山川 穂高,0.192,4,0,0,0,1,0,0,0,0,0,0,三ゴロ,,,中飛,,中飛,,空三振,,,,
28,(一),14,中村 晃,0.259,4,0,1,1,1,0,0,0,0,0,0,右安,,,遊飛,,空三振,,,二飛,,,
28,(左),18,柳町 達,0.333,3,0,1,0,0,1,0,0,0,0,0,二ゴロ,,,四球,,,二ゴロ,,中安,,,
28,走,16,緒方 理貢,0.227,0,0,0,0,0,0,0,0,0,0,0,,,,,,,,,,,,
28,(二),19,廣瀨 隆太,0.219,2,0,0,0,2,0,0,0,0,0,0,,見三振,,空三振,,,,,,,,
28,打二,12,牧原 大成,0.222,2,0,0,0,1,0,0,0,0,0,0,,,,,,,空三振,,二併打,,,
28,(捕),21,嶺井 博希,0.286,3,0,2,0,0,0,0,0,0,0,0,,一邪飛,,,中安,,左安,,,,,
29,(遊),17,野村 勇,0.455,4,0,1,0,1,0,0,0,0,0,0,遊安,,,空三振,,遊直,,二飛,,,,
29,(左),16,緒方 理貢,0.200,3,0,0,0,0,0,0,0,0,0,0,中飛,,,投ゴロ,,投ゴロ,,,,,,
29,打捕,21,嶺井 博希,0.273,1,0,0,0,1,0,0,0,0,0,0,,,,,,,,空三振,,,,
29,(三),22,栗原 陵矢,0.269,3,0,0,0,0,1,0,0,0,0,0,二併打,,,四球,,中飛,,,右飛,,,
29,(指),4,山川 穂高,0.185,4,0,0,0,3,0,0,0,0,0,0,,空三振,,空三振,,,中飛,,空三振,,,
29,(一),14,中村 晃,0.271,4,2,2,0,1,0,0,0,0,0,0,,見三振,,,右２,,一ゴロ,,中安,,,
29,(右),18,柳町 達,0.370,4,0,3,1,0,0,0,0,0,0,0,,左飛,,,右安,,左安,,右安,,,
29,走,20,佐藤 直樹,0.216,0,1,0,0,0,0,0,0,0,0,0,,,,,,,,,,,,
29,(二),12,牧原 大成,0.242,3,1,2,1,0,0,0,1,0,0,0,,,右安,,投犠打,,遊ゴロ,,左安,,,
29,(捕),13,海野 隆司,0.170,2,0,0,0,0,0,0,0,0,0,0,,,遊併打,,遊飛,,,,,,,
29,打左,24,石塚 綜一郎,0.188,0,0,0,0,0,0,2,0,0,0,0,,,,,,,,死球,死球,,,
29,(中),25,笹川 吉康,0.091,3,0,0,0,0,0,0,0,0,0,0,,,二ゴロ,,中飛,,,捕邪飛,,,,
29,打,10,川瀬 晃,0.242,1,0,1,2,0,0,0,0,0,0,0,,,,,,,,,左２,,,
30,(遊),17,野村 勇,0.333,4,0,0,0,3,0,0,0,0,1,0,見三振,,見三振,,見三振,,三ゴロ,,,,,
30,(右),18,柳町 達,0.340,4,0,0,0,2,0,0,0,0,0,0,空三振,,二ゴロ,,,右飛,見三振,,,,,
30,右,20,佐藤 直樹,0.216,0,0,0,0,0,0,0,0,0,0,0,,,,,,,,,,,,
30,(三),22,栗原 陵矢,0.250,4,0,0,0,2,0,0,0,0,1,0,右飛,,,空三振,,二ゴロ,,空三振,,,,
30,(指),4,山川 穂高,0.196,4,2,2,1,1,0,0,0,0,0,1,,空三振,,左本,,左安,,中飛,,,,
30,(一),14,中村 晃,0.273,3,1,1,0,0,1,0,0,0,0,0,,右２,,中飛,,四球,,二ゴロ,,,,
30,一,10,川瀬 晃,0.242,0,0,0,0,0,0,0,0,0,0,0,,,,,,,,,,,,
30,(左),24,石塚 綜一郎,0.211,3,0,1,2,0,0,0,0,0,0,0,,遊ゴロ,,遊ゴロ,,中２,,,,,,
30,走左,16,緒方 理貢,0.200,0,1,0,0,0,0,0,0,0,0,0,,,,,,,,,,,,
30,(二),12,牧原 大成,0.275,3,1,3,1,0,0,0,0,1,0,0,,左安,,,右２,右３,,,,,,
30,(捕),21,嶺井 博希,0.250,2,0,0,0,0,0,0,1,0,0,0,,三ゴロ,,,捕犠打,遊ゴロ,,,,,,
31,(中),20,佐藤 直樹,0.214,5,0,1,0,2,0,0,0,0,0,0,捕邪飛,,右２,中飛,,見三振,,見三振,,,,
31,(遊三),17,野村 勇,0.389,3,1,2,1,1,1,0,0,2,0,1,四球,,左安,,左本,空三振,,,,,,
31,(右),18,柳町 達,0.321,3,1,0,0,1,1,0,0,0,0,0,一ゴロ,,空三振,,左飛,,四球,,,,,
31,(指),4,山川 穂高,0.190,4,0,0,0,2,0,0,0,0,0,0,遊ゴロ,,空三振,,左飛,,空三振,,,,,
31,(一),14,中村 晃,0.264,3,0,0,0,0,1,0,0,0,0,0,,二ゴロ,,左飛,四球,,二ゴロ,,,,,
31,(左),24,石塚 綜一郎,0.182,3,0,0,0,1,0,0,0,0,0,0,,投ゴロ,,一邪飛,見三振,,,,,,,
31,左,16,緒方 理貢,0.231,1,0,1,1,0,0,0,0,0,0,0,,,,,,,左安,,,,,
31,(二),12,牧原 大成,0.301,4,2,3,0,1,0,0,0,1,0,0,,中安,,中安,,二安,空三振,,,,,
31,(捕),21,嶺井 博希,0.259,3,1,1,2,1,0,0,1,0,0,1,,空三振,,左本,,投犠打,,右飛,,,,
31,遊,10,川瀬 晃,0.242,0,0,0,0,0,0,0,0,0,0,0,,,,,,,,,,,,
31,(三),19,廣瀨 隆太,0.235,4,0,2,1,0,0,0,0,0,0,0,,,一飛,左安,,右安,,右飛,,,,
32,遊三),17,野村 勇,0.364,4,0,1,0,1,1,0,0,0,0,0,左２,,四球,,右飛,,空三振,,三ゴロ,,,
32,(右),20,佐藤 直樹,0.191,5,0,0,0,2,0,0,0,0,0,0,一飛,,遊併打,,,三ゴロ,空三振,,空三振,,,
32,(左),18,柳町 達,0.327,2,1,1,0,0,2,0,0,0,0,0,四球,,,左安,,四球,左飛,,,,,
32,左,16,緒方 理貢,0.231,0,0,0,0,0,0,0,0,0,0,0,,,,,,,,,,,,
32,(指),4,山川 穂高,0.200,4,1,2,2,0,0,0,0,0,0,1,二飛,,,投直,,左本,,左安,,,,
32,走指,26,庄子 雄大,,0,0,0,0,0,0,0,0,0,0,0,,,,,,,,,,,,
32,(一),14,中村 晃,0.274,4,0,2,0,0,0,0,0,0,0,0,右飛,,,右飛,,中安,,右安,,,,
32,(二),12,牧原 大成,0.303,3,0,1,0,0,0,0,1,0,0,0,,遊ゴロ,,,中２,一ゴロ,,投犠打,,,,
32,(三),19,廣瀨 隆太,0.229,2,0,0,0,1,2,0,0,0,0,0,,空三振,,,四球,遊ゴロ,,四球,,,,
32,捕,13,海野 隆司,0.170,0,0,0,0,0,0,0,0,0,0,0,,,,,,,,,,,,
32,(捕),11,渡邉 陸,0.235,2,0,0,0,2,1,0,0,0,0,0,,空三振,,,バ三振,,四球,,,,,
32,打遊,10,川瀬 晃,0.235,1,0,0,0,0,0,0,0,0,0,0,,,,,,,,投併打,,,,
32,(中),25,笹川 吉康,0.059,4,0,0,0,0,0,0,0,1,0,0,,,二ゴロ,,左飛,,一失,,一ゴロ,,,
33,(遊三),17,野村 勇,0.444,5,3,4,0,0,0,0,0,0,0,0,右２,左２,,左安,左安,,中飛,,,,,
33,(右),20,佐藤 直樹,0.180,3,0,0,1,1,0,0,2,0,0,0,一犠打,遊ゴロ,,捕犠野,二ゴロ,,,空三振,,,,
33,(左),18,柳町 達,0.350,5,1,3,5,0,0,0,0,0,0,0,左安,一ゴロ,,中安,左２,,,一ゴロ,,,,
33,左,16,緒方 理貢,0.231,0,0,0,0,0,0,0,0,0,0,0,,,,,,,,,,,,
33,(指),4,山川 穂高,0.194,4,1,0,0,2,1,0,0,0,0,0,四球,遊ゴロ,,三併打,空三振,,,空三振,,,,
33,(一),14,中村 晃,0.268,2,1,0,0,0,2,0,0,1,0,0,四球,,四球,遊飛,,三ゴロ,,,,,,
33,遊二,10,川瀬 晃,0.257,1,0,1,0,0,0,0,0,0,0,0,,,,,,,,,左安,,,
33,(二),12,牧原 大成,0.295,2,1,0,1,0,1,0,0,1,0,0,右犠飛,,遊飛,,四球,右飛,,,,,,
33,打遊,26,庄子 雄大,0.000,1,0,0,0,1,0,0,0,0,0,0,,,,,,,,,空三振,,,
33,(三一),19,廣瀨 隆太,0.240,5,1,2,1,2,0,0,0,0,0,0,左安,,空三振,,左安,三ゴロ,,,空三振,,,
33,(捕),13,海野 隆司,0.190,5,0,2,2,0,0,0,0,0,0,0,左２,,中飛,,中飛,,中安,,三ゴロ,,,
34,(遊),17,野村 勇,0.414,2,0,0,0,0,2,0,0,0,0,0,四球,,遊併打,,四球,,,二ゴロ,,,,
34,(左),16,緒方 理貢,0.267,4,0,2,0,1,0,0,0,0,0,0,三ゴロ,,,投安,右安,,,見三振,,,,
34,(三),22,栗原 陵矢,0.267,4,1,2,1,1,0,0,0,0,0,1,右中本,,,左安,一ゴロ,,,空三振,,,,
34,(一),4,山川 穂高,0.189,3,0,0,0,0,1,0,0,0,0,0,左飛,,,遊併打,,中飛,,,四球,,,
34,走,26,庄子 雄大,0.000,0,0,0,0,0,0,0,0,0,0,0,,,,,,,,,,,,
34,(指),14,中村 晃,0.270,3,0,1,0,1,1,0,0,0,0,0,,左安,,四球,,二ゴロ,,,見三振,,,
34,(右),18,柳町 達,0.333,3,0,0,0,1,1,0,0,0,0,0,,二併打,,四球,,見三振,,,遊併打,,,
34,(二),12,牧原 大成,0.284,3,0,0,0,0,0,0,0,0,1,0,,右飛,,一ゴロ,,,一ゴロ,,,,,
34,(捕),21,嶺井 博希,0.233,3,0,0,0,0,0,0,0,0,0,0,,,三ゴロ,,二ゴロ,,左飛,,,,,
34,(中),25,笹川 吉康,0.167,3,0,1,0,1,0,0,0,0,0,0,,,中安,,二飛,,空三振,,,,,
35,(遊),17,野村 勇,0.441,5,0,3,1,1,0,0,0,0,0,0,捕飛,,三安,,左安,空三振,三安,,,,,
35,走遊,10,川瀬 晃,0.278,1,0,1,0,0,0,0,0,0,0,0,,,,,,,,,右安,,,
35,(左),16,緒方 理貢,0.257,5,1,1,2,0,1,0,0,0,0,0,遊ゴロ,,遊併打,,中飛,中安,四球,,二ゴロ,,,
35,(三),22,栗原 陵矢,0.250,4,1,0,0,0,1,0,0,0,0,0,二ゴロ,,三ゴロ,,右飛,四球,中飛,,,,,
35,(指),4,山川 穂高,0.194,2,2,1,2,0,3,0,0,0,0,0,,遊飛,,四球,,四球 中安,,四球,,,,
35,(一),14,中村 晃,0.282,3,3,2,1,0,2,0,0,0,1,0,,四球,,三邪飛,,四球 遊安,,右安,,,,
35,走一,19,廣瀨 隆太,0.240,0,0,0,0,0,0,0,0,0,0,0,,,,,,,,,,,,
35,(右),18,柳町 達,0.343,4,1,2,2,0,1,0,0,0,0,0,,左２,,二ゴロ,,四球 中２,,中飛,,,,
35,右,20,佐藤 直樹,0.180,0,0,0,0,0,0,0,0,0,0,0,,,,,,,,,,,,
35,(二),12,牧原 大成,0.302,5,1,3,2,1,0,0,0,0,0,0,,二安,,中飛,,右安,左安,空三振,,,,
35,二,26,庄子 雄大,0.000,0,0,0,0,0,0,0,0,0,0,0,,,,,,,,,,,,
35,(捕),13,海野 隆司,0.180,3,1,0,0,0,1,0,0,0,0,0,,投ゴロ,,,四球,右飛,一邪飛,,,,,
35,打捕,11,渡邉 陸,0.222,1,0,0,0,1,0,0,0,0,0,0,,,,,,,,空三振,,,,
35,(中),25,笹川 吉康,0.172,5,1,1,1,2,0,0,0,0,0,0,,遊飛,,,捕ゴロ,中安,空三振,,空三振,,,
36,(遊),17,野村 勇,0.410,5,0,1,0,2,0,0,0,0,0,0,空三振,,,中２,,中飛,,中飛,空三振,,,
36,(左),16,緒方 理貢,0.237,3,0,0,0,1,0,0,0,0,0,0,見三振,,,三ゴロ,,投ゴロ,,,,,,
36,打左,25,笹川 吉康,0.167,1,0,0,0,1,0,0,0,0,0,0,,,,,,,,空三振,,,,
36,(三),22,栗原 陵矢,0.239,3,0,0,0,0,1,0,0,0,1,0,中飛,,,二飛,,,四球,二ゴロ,,,,
36,(指),4,山川 穂高,0.189,3,0,0,0,0,0,1,0,0,0,0,,一邪飛,,死球,,,中飛,,捕邪飛,,,
36,(一),14,中村 晃,0.283,3,1,1,0,1,1,0,0,0,0,0,,見三振,,遊ゴロ,,,四球,,左安,,,
36,(右),18,柳町 達,0.348,2,0,1,0,1,2,0,0,0,0,0,,見三振,,,四球,,右安,,四球,,,
36,(中),12,牧原 大成,0.300,4,0,1,0,0,0,0,0,0,0,0,,,投ゴロ,,三ゴロ,,投ゴロ,,右安,,,
36,(捕),21,嶺井 博希,0.212,3,0,0,0,1,0,0,0,0,0,0,,,中飛,,三併打,,空三振,,,,,
36,捕,11,渡邉 陸,0.263,1,0,1,1,0,0,0,0,0,0,0,,,,,,,,,左安,,,
36,(二),19,廣瀨 隆太,0.244,3,0,1,0,0,0,0,0,0,1,0,,,中飛,,,遊ゴロ,,左安,,,,
36,走二,26,庄子 雄大,0.000,0,0,0,0,0,0,0,0,0,0,0,,,,,,,,,,,,
36,打,10,川瀬 晃,0.270,1,0,0,0,1,0,0,0,0,0,0,,,,,,,,,空三振,,,
37,(遊),17,野村 勇,0.372,4,0,0,0,2,1,0,0,0,0,0,見三振,一邪飛,,遊ゴロ,,,四球,見三振,,,,
37,(右),20,佐藤 直樹,0.204,4,0,2,0,0,0,0,1,0,0,0,遊安,,右安,右飛,,,投犠打,,遊ゴロ,,,
37,(三),22,栗原 陵矢,0.225,4,0,0,0,1,1,0,0,0,0,0,右飛,,中飛,,空三振,,中飛,,四球,,,
37,(指),4,山川 穂高,0.190,5,0,1,0,0,0,0,0,0,0,0,左安,,遊ゴロ,,左飛,,一邪飛,,一邪飛,,,
37,(一),14,中村 晃,0.288,5,1,2,0,0,0,0,0,0,0,0,捕ゴロ,,遊直,,遊安,,,中安,一邪飛,,,
37,一,10,川瀬 晃,0.270,0,0,0,0,0,0,0,0,0,0,0,,,,,,,,,,,,
37,(左),18,柳町 達,0.347,3,1,1,0,1,1,0,0,0,0,0,,見三振,,遊安,投ゴロ,,,四球,,,,
37,走左,16,緒方 理貢,0.237,0,1,0,0,0,0,0,0,0,0,0,,,,,,,,,,,,
37,(二),12,牧原 大成,0.309,4,2,2,0,1,0,0,0,0,0,0,,左安,,右安,,遊ゴロ,,空三振,,,,
37,(捕),21,嶺井 博希,0.270,4,2,3,7,0,0,0,0,0,0,2,,左中本,,左本,,二ゴロ,,中２,,,,
38,(遊),17,野村 勇,0.370,3,2,1,2,1,1,0,1,1,0,1,四球,,三直,,空三振,,捕犠打,中本,,,,
38,(中右),20,佐藤 直樹,0.207,4,1,1,1,2,1,0,0,0,0,0,四球,,空三振,,空三振,,左安,中飛,,,,
38,(三),22,栗原 陵矢,0.236,1,1,1,1,0,3,0,0,0,0,0,右安,,,四球,,四球,四球,,,,,
38,(指),4,山川 穂高,0.199,4,0,2,1,2,0,0,0,0,0,0,空三振,,,空三振,,右安,左安,,,,,
38,走指,26,庄子 雄大,0.000,0,0,0,0,0,0,0,0,0,0,0,,,,,,,,,,,,
38,(一),14,中村 晃,0.281,3,0,0,0,1,0,0,1,0,0,0,空三振,,,三ゴロ,,捕犠打,右飛,,,,,
38,(右),18,柳町 達,0.342,4,0,1,1,1,0,0,0,0,0,0,,二ゴロ,,見三振,,中安,左飛,,,,,
38,中,25,笹川 吉康,0.147,0,0,0,0,0,0,0,0,0,0,0,,,,,,,,,,,,
38,(二),12,牧原 大成,0.316,4,1,2,0,1,0,0,0,0,0,0,,一ゴロ,,,中安,空三振,,右２,,,,
38,(捕),13,海野 隆司,0.172,3,0,0,0,1,0,0,1,0,0,0,,空三振,,,投犠打,遊ゴロ,,遊ゴロ,,,,
38,(左),16,緒方 理貢,0.262,4,1,2,0,0,0,0,0,1,0,0,,,二ゴロ,,一安,,左２,中飛,,,,
39,(遊),17,野村 勇,0.367,3,0,1,0,0,1,0,0,0,0,0,左安,三ゴロ,,,四球,,遊ゴロ,,,,,
39,(中),20,佐藤 直樹,0.213,3,0,1,0,0,0,0,0,0,0,0,中安,,中飛,,二ゴロ,,,,,,,
39,打二,19,廣瀨 隆太,0.241,1,0,0,0,1,0,0,0,0,1,0,,,,,,,,空三振,,,,
39,(三),22,栗原 陵矢,0.227,3,0,0,0,1,1,0,0,0,0,0,四球,,見三振,,右飛,,,二ゴロ,,,,
39,(指),4,山川 穂高,0.193,4,0,0,0,3,0,0,0,0,0,0,空三振,,三ゴロ,,,空三振,,空三振,,,,
39,(一),14,中村 晃,0.276,2,0,0,0,0,2,0,0,0,0,0,一直,,,左飛,,四球,,,四球,,,
39,走,16,緒方 理貢,0.262,0,0,0,0,0,0,0,0,0,0,0,,,,,,,,,,,,
39,(右),18,柳町 達,0.329,3,0,0,0,0,1,0,0,0,0,0,二ゴロ,,,四球,,三ゴロ,,,二併打,,,
39,(左),24,石塚 綜一郎,0.200,3,1,1,0,1,0,1,0,0,0,0,,左安,,中飛,,空三振,,,死球,,,
39,走,25,笹川 吉康,0.147,0,0,0,0,0,0,0,0,0,0,0,,,,,,,,,,,,
39,(捕),21,嶺井 博希,0.268,4,0,1,0,1,0,0,0,0,0,0,,右安,,左邪飛,,,二ゴロ,,空三振,,,
40,(遊),17,野村 勇,0.346,3,0,0,0,2,0,1,0,0,0,0,空三振,,一邪飛,,見三振,,死球,,,,,
40,走遊,10,川瀬 晃,0.270,0,0,0,0,0,0,0,0,0,0,0,,,,,,,,,,,,
40,(中左),16,緒方 理貢,0.239,4,0,0,0,0,0,0,0,0,0,0,一ゴロ,,遊ゴロ,,遊ゴロ,,二併打,,,,,
40,(三),22,栗原 陵矢,0.231,3,1,1,0,0,1,0,0,0,0,0,中飛,,,右安,四球,,一ゴロ,,,,,
40,(一),14,中村 晃,0.283,4,1,2,0,0,0,0,0,0,0,0,,右２,,中飛,中飛,,,中安,,,,
40,(右),18,柳町 達,0.329,3,1,1,1,1,1,0,0,0,0,0,,中安,,四球,,左飛,,空三振,,,,
40,(左),27,秋広 優人,0.333,3,0,1,0,1,0,0,0,0,0,0,,左飛,,空三振,,中安,,,,,,
40,走中,20,佐藤 直樹,0.226,1,1,1,0,0,0,0,0,0,0,0,,,,,,,,中安,,,,
40,(指),4,山川 穂高,0.203,3,1,2,2,0,1,0,0,0,0,1,,右飛,,四球,,左本,,左安,,,,
40,走指,26,庄子 雄大,0.000,0,0,0,0,0,0,0,0,0,0,0,,,,,,,,,,,,
40,(捕),11,渡邉 陸,0.261,4,0,1,2,0,0,0,0,0,0,0,,二ゴロ,,右安,,中飛,,左飛,,,,
40,(二),12,牧原 大成,0.298,4,0,0,0,0,0,0,0,0,0,0,,,二ゴロ,左飛,,二直,,一直,,,,
41,(遊),17,野村 勇,0.333,5,0,1,0,1,0,0,0,0,0,0,中飛,,遊飛,,左安,,遊直,,見三振,,,
41,(中),20,佐藤 直樹,0.231,3,1,1,0,1,2,0,0,1,0,0,四球,,右飛,,四球,,左２,,見三振,,,
41,(三),22,栗原 陵矢,0.222,3,0,0,0,0,1,1,0,0,0,0,三邪飛,,死球,,中飛,,四球,,二ゴロ,,,
41,(一),14,中村 晃,0.290,4,0,2,1,2,0,0,0,0,0,0,左安,,空三振,,空三振,,右安,,,,,
41,(右),18,柳町 達,0.326,4,0,1,0,1,0,0,0,0,0,0,遊ゴロ,,,右安,,空三振,中飛,,,,,
41,(左),27,秋広 優人,0.333,3,0,1,0,0,0,1,0,0,0,0,,右飛,,投安,,死球,,中飛,,,,
41,(指),4,山川 穂高,0.204,4,0,1,0,1,0,0,0,0,0,0,,空三振,,左飛,,三ゴロ,,中安,,,,
41,(捕),13,海野 隆司,0.182,2,0,1,0,0,0,0,0,0,0,0,,左２,,右飛,,,,,,,,
41,打捕,11,渡邉 陸,0.240,2,0,0,0,2,0,0,0,0,0,0,,,,,,空三振,,見三振,,,,
41,(二),12,牧原 大成,0.287,4,0,0,0,1,0,0,0,0,0,0,,一直,,空三振,,,左飛,遊ゴロ,,,,
42,(遊),17,野村 勇,0.311,4,0,0,0,2,0,0,0,0,0,0,三ゴロ,,三ゴロ,,見三振,,空三振,,,,,
42,(中右),20,佐藤 直樹,0.235,3,1,1,0,1,1,0,0,1,0,0,左飛,,四球,,右３,,空三振,,,,,
42,(三),22,栗原 陵矢,0.214,3,1,0,1,1,1,0,0,0,0,0,四球,,空三振,,一ゴロ,,,中飛,,,,
42,(指),14,中村 晃,0.291,3,0,1,1,0,1,0,0,0,0,0,右３,,四球,,左邪飛,,,左飛,,,,
42,(右),18,柳町 達,0.330,2,0,1,0,1,2,0,0,0,0,0,空三振,,四球,,,中安,,四球,,,,
42,捕,13,海野 隆司,0.182,0,0,0,0,0,0,0,0,0,0,0,,,,,,,,,,,,
42,(左),27,秋広 優人,0.222,3,0,0,0,1,0,0,0,0,0,0,,二ゴロ,見三振,,,遊併打,,,,,,
42,左,16,緒方 理貢,0.234,1,0,0,0,0,0,0,0,0,0,0,,,,,,,,二ゴロ,,,,
42,(一),4,山川 穂高,0.201,2,0,0,0,1,0,1,0,0,0,0,,中飛,,空三振,,死球,,,,,,
42,(捕),21,嶺井 博希,0.256,2,0,0,0,0,0,1,0,0,0,0,,死球,,遊ゴロ,,二ゴロ,,,,,,
42,二,10,川瀬 晃,0.270,0,0,0,0,0,0,0,0,0,0,0,,,,,,,,,,,,
43,(中),20,佐藤 直樹,0.219,5,0,0,0,1,0,0,0,0,0,0,遊ゴロ,,二ゴロ,,,左飛,,空三振,,,遊飛,
43,(遊),10,川瀬 晃,0.238,5,0,0,0,0,0,0,0,0,0,0,二ゴロ,,,二ゴロ,,左飛,,左飛,,,一飛,
43,(三),22,栗原 陵矢,0.205,4,0,0,0,0,1,0,0,0,0,0,投ゴロ,,,中飛,,中飛,,,右飛,,四球,
43,(一),14,中村 晃,0.290,4,0,1,0,1,1,0,0,0,0,0,,中安,,左飛,,,空三振,,四球,,三ゴロ,
43,(右),18,柳町 達,0.315,4,0,0,0,2,1,0,0,0,0,0,,左飛,,,空三振,,中飛,,空三振,,,四球
43,走,25,笹川 吉康,0.147,0,1,0,0,0,0,0,0,0,0,0,,,,,,,,,,,,
43,(左),27,秋広 優人,0.250,3,1,1,0,0,0,0,0,0,0,0,,投ゴロ,,,中２,,投ゴロ,,,,,
43,左,16,緒方 理貢,0.229,1,0,0,0,1,0,0,1,0,0,0,,,,,,,,,空三振,,,投犠打
43,(指),4,山川 穂高,0.200,1,0,0,1,0,1,0,0,0,0,0,,遊ゴロ,,,中犠飛,,,四球,,,,
43,走指,26,庄子 雄大,0.000,1,0,0,0,0,0,0,0,0,0,0,,,,,,,,,,左飛,,
43,打指,17,野村 勇,0.311,0,0,0,0,0,1,0,0,0,0,0,,,,,,,,,,,,故意四
43,(捕),21,嶺井 博希,0.261,3,0,1,0,1,0,0,0,0,0,0,,,三ゴロ,,右安,,,バ三振,,,,
43,捕,13,海野 隆司,0.179,1,0,0,0,0,0,0,0,0,0,0,,,,,,,,,,二飛,,
43,打,24,石塚 綜一郎,0.200,0,0,0,0,0,0,1,0,0,0,0,,,,,,,,,,,,死球
43,走,11,渡邉 陸,0.240,0,0,0,0,0,0,0,0,0,0,0,,,,,,,,,,,,
43,(二),12,牧原 大成,0.278,4,0,1,1,0,1,0,0,0,0,0,,,二ゴロ,,遊ゴロ,,,四球,,右飛,,右安
44,(中),1,周東 佑京,0.330,4,0,0,0,1,0,0,0,0,0,0,二ゴロ,,,空三振,中飛,,,遊ゴロ,,,,
44,(遊),10,川瀬 晃,0.239,4,1,1,1,1,0,0,0,0,0,1,遊飛,,,遊ゴロ,,右本,,空三振,,,,
44,(三),22,栗原 陵矢,0.207,4,0,1,0,0,0,0,0,0,0,0,三邪飛,,,中安,,二ゴロ,,左飛,,,,
44,(一),14,中村 晃,0.281,4,0,0,0,1,0,0,0,0,0,0,,遊ゴロ,,見三振,,三邪飛,,,右飛,,,
44,(右),18,柳町 達,0.313,4,1,1,0,1,0,0,0,0,0,0,,空三振,,,中安,二ゴロ,,,二ゴロ,,,
44,右,20,佐藤 直樹,0.219,0,0,0,0,0,0,0,0,0,0,0,,,,,,,,,,,,
44,(左),27,秋広 優人,0.286,2,1,1,0,0,2,0,0,0,0,0,,二ゴロ,,,四球,,遊安,,四球,,,
44,走左,16,緒方 理貢,0.229,0,1,0,0,0,0,0,0,0,0,0,,,,,,,,,,,,
44,(指),4,山川 穂高,0.201,4,0,1,0,1,0,0,0,0,0,0,,,空三振,,二飛,,遊飛,,中安,,,
44,走指,26,庄子 雄大,0.000,0,1,0,0,0,0,0,0,0,0,0,,,,,,,,,,,,
44,(捕),13,海野 隆司,0.188,2,0,1,1,0,0,0,2,0,0,0,,,遊ゴロ,,投犠打,,投犠打,,右安,,,
44,(二),12,牧原 大成,0.277,4,0,1,2,1,0,0,0,0,0,0,,,左飛,,中３,,空三振,,二直,,,
45,(中),1,周東 佑京,0.316,4,0,0,0,4,0,0,0,0,0,0,見三振,,見三振,,,見三振,,空三振,,,,
45,(遊),17,野村 勇,0.297,3,0,0,0,1,0,0,0,0,0,0,左飛,,三邪飛,,,空三振,,,,,,
45,打遊,10,川瀬 晃,0.234,1,0,0,0,0,0,0,0,0,0,0,,,,,,,,,右飛,,,
45,(三),22,栗原 陵矢,0.200,3,0,0,0,0,1,0,0,0,0,0,二ゴロ,,,中飛,,四球,,,左飛,,,
45,(一),14,中村 晃,0.295,4,0,3,0,1,0,0,0,0,0,0,,投安,,中安,,空三振,,,右安,,,
45,(右左),18,柳町 達,0.310,4,1,1,0,0,0,0,0,0,0,0,,中安,,中飛,,,三ゴロ,,二ゴロ,,,
45,(左),27,秋広 優人,0.235,3,0,0,0,0,0,0,0,0,0,0,,一ゴロ,,投ゴロ,,,二ゴロ,,,,,
45,右,20,佐藤 直樹,0.219,0,0,0,0,0,0,0,0,0,0,0,,,,,,,,,,,,
45,(指),4,山川 穂高,0.199,2,0,0,1,2,0,0,0,0,0,0,,中犠飛,,,空三振,,見三振,,,,,
45,(捕),21,嶺井 博希,0.245,3,0,0,0,2,0,0,0,0,0,0,,見三振,,,遊ゴロ,,,空三振,,,,
45,(二),12,牧原 大成,0.270,3,0,0,0,0,0,0,0,0,0,0,,,遊ゴロ,,一ゴロ,,,遊ゴロ,,,,
46,(遊),17,野村 勇,0.309,4,1,2,1,1,0,0,1,0,0,1,左中本,,空三振,,右安,,捕邪飛,,,投犠打,,
46,(中),1,周東 佑京,0.320,5,1,2,1,0,0,0,0,1,0,0,右安,,遊ゴロ,,右安,,右飛,,,右飛,,
46,(三),22,栗原 陵矢,0.192,4,0,0,0,1,1,0,0,0,0,0,空三振,,,中飛,四球,,,左飛,,一ゴロ,,
46,(一),14,中村 晃,0.285,5,0,0,1,1,0,0,0,0,0,0,二ゴロ,,,空三振,二ゴロ,,,左飛,,,二ゴロ,
46,(右),18,柳町 達,0.308,4,1,1,1,2,1,0,0,0,0,1,空三振,,,四球,,空三振,,左飛,,,右本,
46,右,20,佐藤 直樹,0.219,0,0,0,0,0,0,0,0,0,0,0,,,,,,,,,,,,
46,(左),27,秋広 優人,0.250,3,0,1,0,1,0,0,0,0,0,0,,見三振,,二ゴロ,,左安,,,,,,
46,走左,16,緒方 理貢,0.220,2,0,0,0,0,0,0,0,0,0,0,,,,,,,,,三ゴロ,,投ゴロ,
46,(指),4,山川 穂高,0.199,5,0,1,0,2,0,0,0,0,0,0,,見三振,,,左安,空三振,,,中飛,,三飛,
46,(捕),11,渡邉 陸,0.214,3,1,0,0,1,0,1,0,0,0,0,,空三振,,,二ゴロ,,死球,,二飛,,,
46,捕,13,海野 隆司,0.188,0,0,0,0,0,0,0,0,0,0,0,,,,,,,,,,,,
46,(二),12,牧原 大成,0.270,4,0,1,0,0,0,0,0,0,0,0,,,二ゴロ,,中飛,,中飛,,,投安,,
47,null,null,null,null,null,null,null,null,null,null,null,null,null,null,null,null,null,null,null,null,null,null,null,null,null,null,null
48,(中),1,周東 佑京,0.320,3,1,1,0,1,1,0,0,0,0,0,二ゴロ,右安,空三振,,,四球,,,,,,
48,中,25,笹川 吉康,0.143,1,0,0,0,0,0,0,0,0,0,0,,,,,,,,遊飛,,,,
48,(遊),17,野村 勇,0.300,2,1,0,1,0,0,1,0,0,0,0,死球,中犠飛,,二ゴロ,,投併打,,,,,,
48,遊,26,庄子 雄大,0.000,1,0,0,0,0,0,0,0,0,0,0,,,,,,,,,右飛,,,
48,(右),18,柳町 達,0.315,4,1,2,1,0,1,0,0,0,0,0,左２,左安,,四球,,,二ゴロ,,二ゴロ,,,
48,(一),14,中村 晃,0.282,5,1,1,2,0,0,0,0,0,0,0,中安,左飛,,左飛,,,遊ゴロ,,二ゴロ,,,
48,(三),22,栗原 陵矢,0.194,4,0,1,0,1,0,0,0,0,1,0,見三振,一ゴロ,,中飛,,,中安,,,,,
48,(左),27,秋広 優人,0.261,3,0,1,0,1,1,0,0,0,0,0,中安,,空三振,,二ゴロ,,四球,,,,,
48,(指),4,山川 穂高,0.206,4,0,2,1,0,0,0,0,0,0,0,左安,,右安,,左飛,,遊邪飛,,,,,
48,(捕),21,嶺井 博希,0.235,2,0,0,0,0,0,0,0,0,0,0,左飛,,中飛,,,,,,,,,
48,打捕,11,渡邉 陸,0.200,2,0,0,0,0,0,0,0,0,0,0,,,,,二ゴロ,,,二ゴロ,,,,
48,(二),10,川瀬 晃,0.240,3,1,1,0,0,1,0,0,0,0,0,,四球,中２,,,二ゴロ,,一ゴロ,,,,
49,(中),1,周東 佑京,0.327,4,1,2,1,0,0,0,0,1,0,1,左飛,,中安,,右本,,遊ゴロ,,,,,
49,(遊),10,川瀬 晃,0.264,3,0,2,0,1,1,0,0,0,1,0,空三振,,四球,,中安,,,中安,,,,
49,(右),2,近藤 健介,0.375,4,0,2,0,1,0,0,0,0,0,0,右安,,遊ゴロ,,中安,,,空三振,,,,
49,(一),14,中村 晃,0.275,4,0,0,0,0,0,0,0,0,0,0,左飛,,,二ゴロ,左飛,,,遊ゴロ,,,,
49,(左),18,柳町 達,0.306,3,0,0,0,1,1,0,0,0,0,0,,二ゴロ,,二ゴロ,,空三振,,四球,,,,
49,走左,16,緒方 理貢,0.220,0,0,0,0,0,0,0,0,0,0,0,,,,,,,,,,,,
49,(三),22,栗原 陵矢,0.187,4,0,0,0,1,0,0,0,0,0,0,,左飛,,空三振,,右飛,,二ゴロ,,,,
49,(指),4,山川 穂高,0.207,4,1,1,1,1,0,0,0,0,0,1,,空三振,,,左本,一飛,,,三ゴロ,,,
49,(二),12,牧原 大成,0.264,3,0,0,0,0,0,0,0,0,0,0,,,遊ゴロ,,三ゴロ,,二ゴロ,,,,,
49,打,27,秋広 優人,0.250,1,0,0,0,1,0,0,0,0,0,0,,,,,,,,,空三振,,,
49,(捕),13,海野 隆司,0.181,3,0,0,0,0,0,0,0,0,1,0,,,遊ゴロ,,左飛,,左飛,,,,,
49,打,21,嶺井 博希,0.231,1,0,0,0,0,0,0,0,0,0,0,,,,,,,,,三ゴロ,,,
50,(中),1,周東 佑京,0.330,5,0,2,1,0,0,0,0,0,0,0,遊ゴロ,,左飛,,左安,,一ゴロ,,右２,,,
50,(遊),17,野村 勇,0.297,4,0,1,1,1,0,0,0,0,0,0,見三振,,投ゴロ,,遊併打,,左安,,,,,
50,(右),2,近藤 健介,0.300,4,0,0,0,2,0,0,0,0,0,0,一ゴロ,,,見三振,,見三振,一ゴロ,,,,,
50,(一),14,中村 晃,0.280,4,0,2,0,1,0,0,0,0,0,0,,左安,,見三振,,左安,,二ゴロ,,,,
50,(左),18,柳町 達,0.316,3,0,2,0,0,1,0,0,0,0,0,,中安,,左２,,四球,,中飛,,,,
50,(三),22,栗原 陵矢,0.180,4,0,0,0,0,0,0,0,0,0,0,,中飛,,左飛,,中飛,,左飛,,,,
50,(指),4,山川 穂高,0.208,4,0,1,0,2,0,0,0,0,0,0,,見三振,,,左安,右飛,,,空三振,,,
50,(捕),13,海野 隆司,0.197,4,1,2,0,0,0,0,0,0,0,0,,左飛,,,投ゴロ,,中安,,遊安,,,
50,走,16,緒方 理貢,0.220,0,1,0,0,0,0,0,0,0,0,0,,,,,,,,,,,,
50,(二),10,川瀬 晃,0.273,2,0,1,0,0,0,0,2,0,1,0,,,三ゴロ,,中安,,投犠打,,一犠打,,,
51,(中),1,周東 佑京,0.336,4,0,2,0,0,1,0,0,0,0,0,右安,左安,,,左飛,,遊ゴロ,四球,,,,
51,(遊),17,野村 勇,0.278,5,0,0,0,4,0,0,0,1,0,0,投ゴロ,見三振,,,空三振,,空三振,空三振,,,,
51,(右),2,近藤 健介,0.348,3,0,2,0,1,1,0,0,0,0,0,空三振,,左安,,中安,,,四球,,,,
51,走左,16,緒方 理貢,0.216,1,1,0,0,1,0,0,0,1,0,0,,,,,,,,,空三振,,,
51,(一),14,中村 晃,0.278,5,0,1,0,0,0,0,0,0,0,0,中飛,,二ゴロ,,左邪飛,,,中安,左飛,,,
51,(左),18,柳町 達,0.305,4,0,0,1,1,0,0,0,0,0,0,,二ゴロ,見三振,,,右飛,,二ゴロ,,,,
51,走右,20,佐藤 直樹,0.216,1,1,0,0,1,0,0,0,0,0,0,,,,,,,,,見三振,,,
51,(三),22,栗原 陵矢,0.193,3,1,2,0,0,1,0,0,0,0,0,,右安,,二ゴロ,,中安,,四球,,,,
51,(指),4,山川 穂高,0.210,3,1,1,0,1,1,0,0,0,0,0,,左２,,三ゴロ,,空三振,,四球,,,,
51,走指,28,イヒネ イツア,,0,0,0,0,0,0,0,0,0,0,0,,,,,,,,,,,,
51,(捕),21,嶺井 博希,0.232,4,0,1,0,1,0,0,0,0,0,0,,投ゴロ,,中安,,遊ゴロ,,空三振,,,,
51,捕,13,海野 隆司,0.197,0,0,0,0,0,0,0,0,0,0,0,,,,,,,,,,,,
51,(二),10,川瀬 晃,0.276,3,0,1,2,0,1,0,0,0,0,0,,右安,,遊ゴロ,,,一飛,四球,,,,
52,null,null,null,null,null,null,null,null,null,null,null,null,null,null,null,null,null,null,null,null,null,null,null,null,null,null,null
53,(中),1,周東 佑京,0.325,4,0,0,0,1,0,0,0,0,0,0,投ゴロ,,遊ゴロ,,,二ゴロ,,空三振,,,,
53,(左),18,柳町 達,0.311,4,0,2,0,0,0,0,0,0,0,0,二直,,,二ゴロ,,左安,,右安,,,,
53,走左,16,緒方 理貢,0.216,0,0,0,0,0,0,0,0,0,0,0,,,,,,,,,,,,
53,(一),14,中村 晃,0.271,4,0,0,0,0,0,0,0,0,0,0,遊飛,,,遊ゴロ,,一ゴロ,,捕邪飛,,,,
53,(右),2,近藤 健介,0.370,4,0,2,0,1,0,0,0,0,0,0,,右安,,見三振,,右安,,二直,,,,
53,右,20,佐藤 直樹,0.216,0,0,0,0,0,0,0,0,0,0,0,,,,,,,,,,,,
53,(三),22,栗原 陵矢,0.197,3,0,1,0,0,1,0,0,0,0,0,,中飛,,,右飛,中安,,,四球,,,
53,(遊),6,今宮 健太,0.230,4,0,0,0,0,0,0,0,0,0,0,,中飛,,,遊ゴロ,,中飛,,遊ゴロ,,,
53,(指),4,山川 穂高,0.212,3,0,1,0,0,1,0,0,0,0,0,,中飛,,,四球,,中飛,,左安,,,
53,走指,10,川瀬 晃,0.276,0,0,0,0,0,0,0,0,0,0,0,,,,,,,,,,,,
53,(捕),11,渡邉 陸,0.212,3,0,1,0,2,0,0,0,0,0,0,,,空三振,,中２,,空三振,,,,,
53,打,21,嶺井 博希,0.228,1,0,0,0,0,0,0,0,0,0,0,,,,,,,,,遊併打,,,
53,(二),12,牧原 大成,0.260,2,0,0,0,1,0,0,0,0,1,0,,,中飛,,空三振,,,,,,,
54,(中),1,周東 佑京,0.341,3,1,3,1,0,2,0,0,0,0,0,中安,,中安,右安,,四球,,四球,,,,
54,中,20,佐藤 直樹,0.216,0,0,0,0,0,0,0,0,0,0,0,,,,,,,,,,,,
54,(遊),6,今宮 健太,0.217,5,0,0,0,1,0,0,0,0,0,0,遊ゴロ,,捕邪飛,三併打,,右飛,,空三振,,,,
54,(左),18,柳町 達,0.317,4,0,2,1,1,0,0,0,0,0,0,左飛,,中安,,左安,見三振,,,,,,
54,左,16,緒方 理貢,0.216,0,0,0,0,0,0,0,0,0,0,0,,,,,,,,,,,,
54,(右),2,近藤 健介,0.367,3,1,1,0,0,1,0,0,0,0,0,,右安,四球,,中飛,,一ゴロ,,,,,
54,(一),14,中村 晃,0.269,1,0,0,1,0,2,0,0,0,0,0,,四球,中犠飛,,左邪飛,,四球,,,,,
54,(三),22,栗原 陵矢,0.192,3,0,0,0,1,1,0,0,0,0,0,,四球,一ゴロ,,中飛,,空三振,,,,,
54,(指),4,山川 穂高,0.211,1,1,0,1,0,2,0,0,0,0,0,,中犠飛,,四球,,四球,中飛,,,,,
54,(捕),13,海野 隆司,0.190,3,0,0,0,0,0,0,1,0,0,0,,二併打,,投犠打,,投ゴロ,,中飛,,,,
54,(二),17,野村 勇,0.289,4,1,2,0,0,0,0,0,0,0,0,,,左安,左安,,二失,,左飛,,,,
55,(中),1,周東 佑京,0.349,3,0,2,0,0,1,0,0,1,0,0,二安,中安,,一ゴロ,,四球,,,,,,
55,中右,20,佐藤 直樹,0.227,1,1,1,2,0,0,0,0,0,0,1,,,,,,,,左中本,,,,
55,(遊),10,川瀬 晃,0.262,3,1,0,0,0,1,0,0,0,0,0,二併打,三ゴロ,,,四球,左飛,,,,,,
55,打,27,秋広 優人,0.240,1,0,0,0,0,0,0,0,0,0,0,,,,,,,,左飛,,,,
55,遊,6,今宮 健太,0.217,0,0,0,0,0,0,0,0,0,0,0,,,,,,,,,,,,
55,(左),18,柳町 達,0.323,4,0,2,1,1,1,0,0,0,0,0,左安,左飛,,,四球,左安,,空三振,,,,
55,(右),2,近藤 健介,0.324,4,0,0,0,1,0,0,0,0,0,0,二ゴロ,,空三振,,右飛,投ゴロ,,,,,,
55,中,16,緒方 理貢,0.216,0,0,0,0,0,0,0,0,0,0,0,,,,,,,,,,,,
55,(一),14,中村 晃,0.271,3,1,1,0,0,1,0,0,0,0,0,,左安,遊直,,四球,,中飛,,,,,
55,(三),22,栗原 陵矢,0.197,2,1,1,3,0,2,0,0,0,0,1,,右本,四球,,四球,,投ゴロ,,,,,
55,(指),4,山川 穂高,0.212,4,1,1,0,2,0,0,0,0,0,0,,中安,空三振,,三併打,,空三振,,,,,
55,(捕),11,渡邉 陸,0.200,2,1,0,0,1,1,0,0,0,0,0,,一ゴロ,,空三振,,四球,,,,,,
55,打捕,21,嶺井 博希,0.224,1,0,0,0,1,0,0,0,0,0,0,,,,,,,,空三振,,,,
55,(二),17,野村 勇,0.310,4,2,3,2,0,0,0,0,1,0,1,,右中本,,右飛,,右安,,中安,,,,
56,(中),1,周東 佑京,0.349,3,2,1,0,1,1,0,0,0,0,0,左安,左飛,,,見三振,,四球,,,,,
56,一,10,川瀬 晃,0.262,0,0,0,0,0,0,0,0,0,0,0,,,,,,,,,,,,
56,(遊),6,今宮 健太,0.219,4,1,1,2,1,0,0,0,0,0,0,左飛,,遊邪飛,,空三振,,中２,,,,,
56,(左),18,柳町 達,0.336,4,1,3,3,1,0,0,0,0,0,0,右２,,左安,,見三振,,右安,,,,,
56,(指),2,近藤 健介,0.289,4,0,0,0,0,0,0,0,0,0,0,二ゴロ,,中飛,,,左飛,中飛,,,,,
56,(一),14,中村 晃,0.272,3,1,1,0,1,1,0,0,0,0,0,四球,,中安,,,見三振,投ゴロ,,,,,
56,中,16,緒方 理貢,0.216,0,0,0,0,0,0,0,0,0,0,0,,,,,,,,,,,,
56,(二),17,野村 勇,0.308,4,1,1,3,1,0,0,0,0,0,1,左中本,,空三振,,,遊ゴロ,,二飛,,,,
56,(三),22,栗原 陵矢,0.198,4,1,1,0,0,0,0,0,0,0,0,中飛,,,中飛,,,左安,中飛,,,,
56,(捕),21,嶺井 博希,0.230,3,0,1,0,1,0,0,1,0,0,0,,空三振,,右飛,,,投犠打,中安,,,,
56,(右),20,佐藤 直樹,0.218,3,1,0,0,1,0,1,0,0,0,0,,見三振,,右飛,,,死球,中飛,,,,